Category,Sub Category,Title,Description,Quantity,Type,Price,Shipping Profile,Condition,Image URL 1
Sports Cards,Football,2007 Score #341 Adrian Peterson Atomic Minnesota Vikings RC,2007 Score #341 Adrian Peterson Atomic Minnesota Vikings RC,1,Fixed Price,12.99,Sports singles (3oz),Near Mint,https://i.ebayimg.com/images/g/ocwAAeSw-3lpg8hT/s-l225.jpg
Sports Cards,Football,2007 Bowman Chrome  - Adrian Peterson Rookie Card (HOF) “AD”,2007 Bowman Chrome  - Adrian Peterson Rookie Card (HOF) “AD”,1,Fixed Price,19.99,Sports singles (3oz),Near Mint,https://i.ebayimg.com/images/g/NxAAAeSwUnlphyVD/s-l225.jpg
Sports Cards,Football,1986 Topps Set Break #389 Bruce Smith Rookie Card!  NR-MINT+!! HOF!!!  BV $50+,1986 Topps Set Break #389 Bruce Smith Rookie Card!  NR-MINT+!! HOF!!!  BV $50+,1,Fixed Price,11.99,Sports singles (3oz),Near Mint,https://i.ebayimg.com/images/g/-yYAAeSwOkpphyYq/s-l225.jpg
Trading Card Games,Pokemon,🔥 Pokemon TCG 🔥 Dusknoir 071/185 🔥 Trick or Trade 2023 Halloween Stamp ✈️🚀,🔥 Pokemon TCG 🔥 Dusknoir 071/185 🔥 Trick or Trade 2023 Halloween Stamp ✈️🚀,1,Fixed Price,1.99,Sports singles (3oz),Near Mint,https://i.ebayimg.com/images/g/xrMAAeSwUcpqejNk/s-l225.jpg
Trading Card Games,Pokemon,Pokémon Lost Origins Reverse Holo Card Barbaracle,Pokémon Lost Origins Reverse Holo Card Barbaracle,1,Fixed Price,1.99,Sports singles (3oz),Near Mint,https://i.ebayimg.com/images/g/YYwAAeSwtAZqejSq/s-l225.jpg
Trading Card Games,Pokemon,Pokemon Lot Of Three! 2  9 Inch Plush Plushes & One 4 Inch Picku NEW,Pokemon Lot Of Three! 2  9 Inch Plush Plushes & One 4 Inch Picku NEW,1,Fixed Price,19.99,Sports singles (3oz),Near Mint,https://i.ebayimg.com/images/g/Up8AAeSw2bppjshy/s-l225.jpg
Action Figures,Transformers Figures,Transformers Age Of The Primes Excellion,Transformers Age Of The Primes Excellion,1,Fixed Price,19.99,12-15 oz,New,https://i.ebayimg.com/images/g/EhoAAeSwyqhpio29/s-l225.jpg
Action Figures,Other Action Figures,Hasbro Transformer The Thirteen MICRONUS PRIME! Action Figure New Sealed,Hasbro Transformer The Thirteen MICRONUS PRIME! Action Figure New Sealed,1,Fixed Price,22.99,12-15 oz,New,https://i.ebayimg.com/images/g/L0kAAeSwVRppsUah/s-l225.jpg
Action Figures,Transformers Figures,Transformers Studio Series 112 Optimus Prime Action Figure,Transformers Studio Series 112 Optimus Prime Action Figure,1,Fixed Price,18.99,12-15 oz,New,https://i.ebayimg.com/images/g/XksAAeSwhDxpmi4l/s-l225.jpg
Action Figures,Transformers Figures,Transformers Evolution G2 Universe Lasercycle Exclusive New Sealed Hasbro,Transformers Evolution G2 Universe Lasercycle Exclusive New Sealed Hasbro,1,Fixed Price,11.96,12-15 oz,New,https://i.ebayimg.com/images/g/7tUAAeSw4JZprRqX/s-l225.jpg
Action Figures,Transformers Figures,Hasbro Transformers Age of the Primes Venin Figure New,Hasbro Transformers Age of the Primes Venin Figure New,1,Fixed Price,22.99,12-15 oz,New,https://i.ebayimg.com/images/g/UJ8AAeSw5GFpsR06/s-l225.jpg
Action Figures,Transformers Figures,HASBRO TRANSFORMERS STUDIO SERIES 2026 DELUXE ORION PAX OPTIMUS PRIME ONE FIGURE,HASBRO TRANSFORMERS STUDIO SERIES 2026 DELUXE ORION PAX OPTIMUS PRIME ONE FIGURE,1,Fixed Price,25.99,12-15 oz,New,https://i.ebayimg.com/images/g/McAAAeSwg0Bpyrl0/s-l225.jpg
Action Figures,Transformers Figures,Transformers CYBERWORLD Optimus Prime Cyber Changers Action Figure!,Transformers CYBERWORLD Optimus Prime Cyber Changers Action Figure!,1,Fixed Price,16.99,12-15 oz,New,https://i.ebayimg.com/images/g/jHkAAeSwJ9NpsUGi/s-l225.jpg
Action Figures,Transformers Figures,5 Transformers Rise of the BeastsBattle Silverfang OPTIMUS PRIMAL RHINOX AIRAZOR,5 Transformers Rise of the BeastsBattle Silverfang OPTIMUS PRIMAL RHINOX AIRAZOR,1,Fixed Price,14.99,12-15 oz,New,https://i.ebayimg.com/images/g/RFEAAeSwpvJpri31/s-l225.jpg
Action Figures,Transformers Figures,Transformers Legacy Evolution Deluxe Class Autobot Medix  Same Day Shipping.,Transformers Legacy Evolution Deluxe Class Autobot Medix  Same Day Shipping.,1,Fixed Price,15.99,12-15 oz,New,https://i.ebayimg.com/images/g/WhUAAeSwm5xpSS66/s-l225.jpg
Action Figures,Other Action Figures,2 DinoTech Warriors Transforming Robot Dinosaur Action Figure by Crypto Sphere,2 DinoTech Warriors Transforming Robot Dinosaur Action Figure by Crypto Sphere,1,Fixed Price,14.99,12-15 oz,New,https://i.ebayimg.com/images/g/sZoAAeSwUaRon1Eq/s-l225.jpg
Action Figures,Other Action Figures,Captain America Marvel Avengers Mech Strike Monster Hunters Action Figure NEW,Captain America Marvel Avengers Mech Strike Monster Hunters Action Figure NEW,1,Fixed Price,6.99,12-15 oz,New,https://i.ebayimg.com/images/g/16EAAeSw6lNpiqLi/s-l225.jpg
Toys & Hobbies,Other Toys,Disney Pixar Lightyear Lot Of 3 New In Box Age 4+ XL-07 XL-01 Zyclops & Pods,Disney Pixar Lightyear Lot Of 3 New In Box Age 4+ XL-07 XL-01 Zyclops & Pods,1,Fixed Price,11.99,12-15 oz,New,https://i.ebayimg.com/images/g/iWsAAeSw84Jpiqdg/s-l225.jpg
Toys & Hobbies,Other Toys,BENDY AND THE INK MACHINE VINYL 2.4 CHARLEY BARLEY EDGAR 3 PACK JAKKS New In Box,BENDY AND THE INK MACHINE VINYL 2.4 CHARLEY BARLEY EDGAR 3 PACK JAKKS New In Box,1,Fixed Price,17.99,12-15 oz,New,https://i.ebayimg.com/images/g/98EAAeSw~xtpTjcf/s-l225.jpg
Action Figures,Other Action Figures,"Super Saiyan 2 SS2 Goku 6.5"" Dragon Stars Series Bandai Dragon Ball Super GT Z","Super Saiyan 2 SS2 Goku 6.5"" Dragon Stars Series Bandai Dragon Ball Super GT Z",1,Fixed Price,15.99,12-15 oz,New,https://i.ebayimg.com/images/g/XnsAAeSwQvppsRwL/s-l225.jpg
Action Figures,Other Action Figures,"THE MANDALORIAN with Dark Saber Star Wars Epic Hero Collection 4"" Action Figure","THE MANDALORIAN with Dark Saber Star Wars Epic Hero Collection 4"" Action Figure",1,Fixed Price,4.99,12-15 oz,New,https://i.ebayimg.com/images/g/aj8AAeSwpZRpjoOM/s-l225.jpg
Toys & Hobbies,Other Toys,How to Train Your Dragon Berk Book of Dragons Series 2 Sealed Lot Of 5 | Sealed,How to Train Your Dragon Berk Book of Dragons Series 2 Sealed Lot Of 5 | Sealed,1,Fixed Price,14.99,12-15 oz,New,https://i.ebayimg.com/images/g/~fEAAeSwf5Np3ceD/s-l225.jpg
Action Figures,Other Action Figures,"STAR WARS Darth Vader, Luke skywalker And The Mandalorian  4-Inch Action Figure","STAR WARS Darth Vader, Luke skywalker And The Mandalorian  4-Inch Action Figure",1,Fixed Price,18.99,12-15 oz,New,https://i.ebayimg.com/images/g/VykAAeSwVjJpi6De/s-l225.jpg
Toys & Hobbies,Other Toys,"2 Bluey Cars Sets Including  Muffin Pizza Mobile,Bluey Within  Mini 4 WD","2 Bluey Cars Sets Including  Muffin Pizza Mobile,Bluey Within  Mini 4 WD",1,Fixed Price,15.99,12-15 oz,New,https://i.ebayimg.com/images/g/OmUAAeSwl2NpdNsN/s-l225.jpg
Beauty,Makeup & Skincare,Kokie Shade Stay Lip Stain Serenade Smudge Proof Satin Finish~ Lot Of 2,Kokie Shade Stay Lip Stain Serenade Smudge Proof Satin Finish~ Lot Of 2,1,Fixed Price,12.99,4-7 oz,New,https://i.ebayimg.com/images/g/6JkAAeSwgvZqYcQE/s-l225.jpg
Toys & Hobbies,Other Toys,3 Ioni Plum Lip Pencil Liner Creamy Matte Finish DT2422 (Lot of 3) Long Lasting,3 Ioni Plum Lip Pencil Liner Creamy Matte Finish DT2422 (Lot of 3) Long Lasting,1,Fixed Price,16.99,12-15 oz,New,https://i.ebayimg.com/images/g/-XQAAeSwwvJqcNXM/s-l225.jpg
Beauty,Makeup & Skincare,Kokie Shade Stay Lip Stain Wildflower lot of 4 Smudge-Proof,Kokie Shade Stay Lip Stain Wildflower lot of 4 Smudge-Proof,1,Fixed Price,15.99,4-7 oz,New,https://i.ebayimg.com/images/g/ixMAAeSwEbBqYcKZ/s-l225.jpg
Toys & Hobbies,Other Toys,Bazic Beauty 55 Assorted Makeup Sponges Value Pack Latex Free Blender New Lot 3,Bazic Beauty 55 Assorted Makeup Sponges Value Pack Latex Free Blender New Lot 3,1,Fixed Price,17.99,12-15 oz,New,https://i.ebayimg.com/images/g/qDIAAeSwo41qEh7q/s-l225.jpg
Beauty,Makeup & Skincare,Harry Potter profusion Griffin door 2 piece lip oil set,Harry Potter profusion Griffin door 2 piece lip oil set,1,Fixed Price,12.99,4-7 oz,New,https://i.ebayimg.com/images/g/xWUAAeSwEaNp3UJx/s-l225.jpg
Beauty,Makeup & Skincare,"3 Orchid Hydrating Jelly Cleanser,Hydrates & Nourishes Skin 175ml.each","3 Orchid Hydrating Jelly Cleanser,Hydrates & Nourishes Skin 175ml.each",1,Fixed Price,14.99,4-7 oz,New,https://i.ebayimg.com/images/g/TIoAAeSwCbZqENt-/s-l225.jpg
Beauty,Makeup & Skincare,2 Revive RX Skin Barrier Support Wipes Hydrating Niacinamide & Exfoliating Anit,2 Revive RX Skin Barrier Support Wipes Hydrating Niacinamide & Exfoliating Anit,1,Fixed Price,11.99,4-7 oz,New,https://i.ebayimg.com/images/g/69kAAeSww8Fps38x/s-l225.jpg
Beauty,Makeup & Skincare,PRO SILK Body Lotion 5pc Set 5 Scents 24HR Hydrating Non-Greasy 12 fl oz,PRO SILK Body Lotion 5pc Set 5 Scents 24HR Hydrating Non-Greasy 12 fl oz,1,Fixed Price,17.99,4-7 oz,New,https://i.ebayimg.com/images/g/2eEAAeSwPZVqdugp/s-l225.jpg
Beauty,Makeup & Skincare,Tecnu Original  Outdoor Skin Cleanser 12-Ounce Bottle,Tecnu Original  Outdoor Skin Cleanser 12-Ounce Bottle,1,Fixed Price,12.99,4-7 oz,New,https://i.ebayimg.com/images/g/94cAAeSwBxxp3Tl1/s-l225.jpg
Beauty,Makeup & Skincare,Orchid Glowing Body Skin Care Set: Body Lotion + Body Serum + Jelly Cleanser,Orchid Glowing Body Skin Care Set: Body Lotion + Body Serum + Jelly Cleanser,1,Fixed Price,19,4-7 oz,New,https://i.ebayimg.com/images/g/jjIAAeSwQJtqODL7/s-l225.jpg
Beauty,Makeup & Skincare,"Lot of 3 Dermasil Cocoa Butter Moisturizing Body Lotion, 8 oz.","Lot of 3 Dermasil Cocoa Butter Moisturizing Body Lotion, 8 oz.",1,Fixed Price,12.99,4-7 oz,New,https://i.ebayimg.com/images/g/Gm0AAeSwzXFpdNW-/s-l225.jpg
Toys & Hobbies,Other Toys,Dermasil Daily Face Cream And Night Cream 2 Fl Oz Each NEW!,Dermasil Daily Face Cream And Night Cream 2 Fl Oz Each NEW!,1,Fixed Price,9.99,12-15 oz,New,https://i.ebayimg.com/images/g/XpQAAeSwwwFpcnSg/s-l225.jpg
Beauty,Makeup & Skincare,Dermasil Labs Facial Cleanser Acne Skin Salicylic Glycolic 5oz 2 pack,Dermasil Labs Facial Cleanser Acne Skin Salicylic Glycolic 5oz 2 pack,1,Fixed Price,14.99,4-7 oz,New,https://i.ebayimg.com/images/g/7kgAAeSwzVFo056H/s-l225.jpg
Beauty,Makeup & Skincare,Happy Skin Berry Glowy and Sheer Melon Body and Face Serum 3.38oz 2 Count,Happy Skin Berry Glowy and Sheer Melon Body and Face Serum 3.38oz 2 Count,1,Fixed Price,9.99,4-7 oz,New,https://i.ebayimg.com/images/g/imkAAeSwFG1qAiaO/s-l225.jpg
Toys & Hobbies,Other Toys,XTRACARE Active Hands Hand Cream For Extremely Dry Skin And Crack Hands Set of 3,XTRACARE Active Hands Hand Cream For Extremely Dry Skin And Crack Hands Set of 3,1,Fixed Price,16.99,12-15 oz,New,https://i.ebayimg.com/images/g/VjQAAeSwkKlpbq01/s-l225.jpg
Beauty,Makeup & Skincare,b•pure Glow Up Facial Cleanser W/ Avocado Extract Ceramides 4 FL OZ 120mL X 2,b•pure Glow Up Facial Cleanser W/ Avocado Extract Ceramides 4 FL OZ 120mL X 2,1,Fixed Price,12.99,4-7 oz,New,https://i.ebayimg.com/images/g/0pIAAeSwx4BpmowS/s-l225.jpg
Beauty,Makeup & Skincare,3 Spathecary Body Butter Yuzu 2 Citrus 1Sweat Melon Black Pearl Moisturizer 5 oz,3 Spathecary Body Butter Yuzu 2 Citrus 1Sweat Melon Black Pearl Moisturizer 5 oz,1,Fixed Price,17.99,4-7 oz,New,https://i.ebayimg.com/images/g/35sAAeSwx-Bp5lzZ/s-l225.jpg
Beauty,Makeup & Skincare,2 PK Dermasil Exfoliating Facial Scrub Vitamin C & Niacinamide 5 fl oz,2 PK Dermasil Exfoliating Facial Scrub Vitamin C & Niacinamide 5 fl oz,1,Fixed Price,15.99,4-7 oz,New,https://i.ebayimg.com/images/g/~S4AAeSwDNdpcnWY/s-l225.jpg
Beauty,Makeup & Skincare,Brazilian Orchid Sandalwood Body Butter 4 Pack Spa Luxury Viral NEW,Brazilian Orchid Sandalwood Body Butter 4 Pack Spa Luxury Viral NEW,1,Fixed Price,19.99,4-7 oz,New,https://i.ebayimg.com/images/g/cK4AAeSwjPRqGLxW/s-l225.jpg
Beauty,Makeup & Skincare,"(4)Global Beauty Care Hyaluronic Acid Exfoliating Body Scrub, 6 Oz","(4)Global Beauty Care Hyaluronic Acid Exfoliating Body Scrub, 6 Oz",1,Fixed Price,12.99,4-7 oz,New,https://i.ebayimg.com/images/g/rDsAAeSwhw1ph04e/s-l225.jpg
Beauty,Makeup & Skincare,6 Dermasil Labs Oatmeal Milk Toner 4oz Oatmeal & Snow Mushroom,6 Dermasil Labs Oatmeal Milk Toner 4oz Oatmeal & Snow Mushroom,1,Fixed Price,19.99,4-7 oz,New,https://i.ebayimg.com/images/g/1aMAAeSwsqJosaJM/s-l225.jpg
Beauty,Makeup & Skincare,"Disney Alice In Wonderland Lot Lip glosses balms, Bath Salts, Body Scrub, Lot 16","Disney Alice In Wonderland Lot Lip glosses balms, Bath Salts, Body Scrub, Lot 16",1,Fixed Price,19.99,4-7 oz,New,https://i.ebayimg.com/images/g/X5wAAeSwP-Rp1SaY/s-l225.jpg
Beauty,Makeup & Skincare,4 Palmer's Cocoa Butter Formula Heal Softener  & 3 Coconut Hydrate Lotions 1.7oz,4 Palmer's Cocoa Butter Formula Heal Softener  & 3 Coconut Hydrate Lotions 1.7oz,1,Fixed Price,17.99,4-7 oz,New,https://i.ebayimg.com/images/g/JtwAAeSwtLtpxZl-/s-l225.jpg
Toys & Hobbies,Other Toys,XtraCare Micellar Cleansing Water Lot Of Four,XtraCare Micellar Cleansing Water Lot Of Four,1,Fixed Price,19.99,12-15 oz,New,https://i.ebayimg.com/images/g/xC8AAeSwqUtp48Hd/s-l225.jpg
Sneakers & Streetwear,,Size 1.5Yb - Nike Jordan 4 Retro Lemon Venom Pink,Size 1.5Yb - Nike Jordan 4 Retro Lemon Venom Pink,1,Fixed Price,14.99,8-11 oz,New,https://i.ebayimg.com/images/g/6K8AAeSwGJ5pa3VD/s-l225.jpg
Sneakers & Streetwear,,Nike SuperRep Cycle 2 Next Nature Low Spray Paint Womens 7.5,Nike SuperRep Cycle 2 Next Nature Low Spray Paint Womens 7.5,1,Fixed Price,19.99,8-11 oz,New,https://i.ebayimg.com/images/g/jtUAAeSwa3VpbPB9/s-l225.jpg
Toys & Hobbies,Other Toys,Littlest Pet Shop Surprise Series 4 Lot of 3 Figures,Littlest Pet Shop Surprise Series 4 Lot of 3 Figures,1,Fixed Price,9.99,12-15 oz,New,https://i.ebayimg.com/images/g/bdYAAeSwjQxpkFkF/s-l225.jpg
Action Figures,Other Action Figures,WWE Intercontinental Championship Title Belt Replica Mattel Kids Toy Plastic NEW,WWE Intercontinental Championship Title Belt Replica Mattel Kids Toy Plastic NEW,1,Fixed Price,19.99,12-15 oz,New,https://i.ebayimg.com/images/g/jcsAAeSwanppdNm0/s-l225.jpg
Toys & Hobbies,Plush,"Fuggler Teenage Mutant Ninja Turtles Donatello + Leonardo Plush Soft Toy, NIB","Fuggler Teenage Mutant Ninja Turtles Donatello + Leonardo Plush Soft Toy, NIB",1,Fixed Price,19.99,12-15 oz,New,https://i.ebayimg.com/images/g/-FUAAeSwOI5piTqC/s-l225.jpg
Toys & Hobbies,Diecast & Toy Vehicles,"Peanuts 5"" Diecast Blue Pick UP Truck Pull Back Action Snoopy New with Tag 1/32","Peanuts 5"" Diecast Blue Pick UP Truck Pull Back Action Snoopy New with Tag 1/32",1,Fixed Price,9.99,12-15 oz,New,https://i.ebayimg.com/images/g/c4cAAeSwumNpdSBp/s-l225.jpg
Toys & Hobbies,Diecast & Toy Vehicles,"3 Fast & Furious Mustang GT, Dom’s Dodge Charger Dom’s SS 1:32 Scale Die-Cast","3 Fast & Furious Mustang GT, Dom’s Dodge Charger Dom’s SS 1:32 Scale Die-Cast",1,Fixed Price,22.99,12-15 oz,New,https://i.ebayimg.com/images/g/ckQAAeSwAIZpj3Fc/s-l225.jpg
Toys & Hobbies,Diecast & Toy Vehicles,Hot Wheels 1:64 Fast & Furious 5 Pack Cars Set 2025,Hot Wheels 1:64 Fast & Furious 5 Pack Cars Set 2025,1,Fixed Price,7.99,12-15 oz,New,https://i.ebayimg.com/images/g/PZIAAeSwNOtp0reK/s-l225.jpg
Toys & Hobbies,Plush,Minecraft Plush Lot 5 NWT Ender Dragon Fox Wolf Ghast & Sunglasses Mattel Mojang,Minecraft Plush Lot 5 NWT Ender Dragon Fox Wolf Ghast & Sunglasses Mattel Mojang,1,Fixed Price,19.99,12-15 oz,New,https://i.ebayimg.com/images/g/44cAAeSwQdhqA9f0/s-l225.jpg
Toys & Hobbies,Plush,Lot Of 9 Small Gabby's Dollhouse Netflix Plush Dolls,Lot Of 9 Small Gabby's Dollhouse Netflix Plush Dolls,1,Fixed Price,17.99,12-15 oz,New,https://i.ebayimg.com/images/g/t7gAAeSwU9BqA9NT/s-l225.jpg
Toys & Hobbies,Diecast & Toy Vehicles,Hot Wheels - Mystery Lot of 15 Brand New Cars and Trucks from 1990s to Present,Hot Wheels - Mystery Lot of 15 Brand New Cars and Trucks from 1990s to Present,1,Fixed Price,29.99,12-15 oz,New,https://i.ebayimg.com/images/g/p5UAAeSwOchp1Lf6/s-l225.jpg
Toys & Hobbies,Other Toys,Fisher-Price Little People Collector USA Soccer Figures Set,Fisher-Price Little People Collector USA Soccer Figures Set,1,Fixed Price,9.99,12-15 oz,New,https://i.ebayimg.com/images/g/BbAAAeSw3Bxqed5O/s-l225.jpg
Toys & Hobbies,Plush,2 Squishmallows Squish-A-Long Hello Kitty Storage Clip and 6 Mystery Mini Squish,2 Squishmallows Squish-A-Long Hello Kitty Storage Clip and 6 Mystery Mini Squish,1,Fixed Price,14.99,12-15 oz,New,https://i.ebayimg.com/images/g/T24AAeSwVxJpjv89/s-l225.jpg
Toys & Hobbies,Diecast & Toy Vehicles,HOT WHEELS PULL BACK SPEEDERS ALPHA PURSUIT POLICE CRUISER 1:43,HOT WHEELS PULL BACK SPEEDERS ALPHA PURSUIT POLICE CRUISER 1:43,1,Fixed Price,12.99,12-15 oz,New,https://i.ebayimg.com/images/g/WxwAAeSwerZpb1JK/s-l225.jpg
Toys & Hobbies,Diecast & Toy Vehicles,"Peanuts 5"" Diecast Pink Bus  Pull Back Action Snoopy New with Tag 1/32","Peanuts 5"" Diecast Pink Bus  Pull Back Action Snoopy New with Tag 1/32",1,Fixed Price,14.99,12-15 oz,New,https://i.ebayimg.com/images/g/aLkAAeSwJm5piYx3/s-l225.jpg
Toys & Hobbies,Diecast & Toy Vehicles,HOT WHEELS 2025 MONSTER TRUCKS - TOTALED YELLOW INCLUDES CHRUSHABLE CAR !,HOT WHEELS 2025 MONSTER TRUCKS - TOTALED YELLOW INCLUDES CHRUSHABLE CAR !,1,Fixed Price,9.99,12-15 oz,New,https://i.ebayimg.com/images/g/~3MAAeSwUUNpiaKo/s-l225.jpg
Toys & Hobbies,Other Toys,Hot Squishy Jumbo Tiger Super Slow Rising Stress Relief Toy Small Gift For Kids,Hot Squishy Jumbo Tiger Super Slow Rising Stress Relief Toy Small Gift For Kids,1,Fixed Price,9.99,12-15 oz,New,https://i.ebayimg.com/images/g/XUAAAeSw~NppwBxm/s-l225.jpg
Toys & Hobbies,Diecast & Toy Vehicles,Hot Wheels - Mystery Lot of 25 Brand New Cars and Trucks from 1990s to Present,Hot Wheels - Mystery Lot of 25 Brand New Cars and Trucks from 1990s to Present,1,Fixed Price,37.99,12-15 oz,New,https://i.ebayimg.com/images/g/534AAeSwnlJp1LkS/s-l225.jpg
Action Figures,Other Action Figures,Marvel ty Stuffed Beanie Balls Plush Collectible Lot of 6 ,Marvel ty Stuffed Beanie Balls Plush Collectible Lot of 6 ,1,Fixed Price,17.99,12-15 oz,New,https://i.ebayimg.com/images/g/ZUgAAeSw0lVqEhu~/s-l225.jpg
Toys & Hobbies,Diecast & Toy Vehicles,HOT WHEELS MONSTER TRUCKS Twin Mill & Night Shifter Glow In The Dark 1:64 New,HOT WHEELS MONSTER TRUCKS Twin Mill & Night Shifter Glow In The Dark 1:64 New,1,Fixed Price,19.99,12-15 oz,New,https://i.ebayimg.com/images/g/4FcAAeSwGL5ph0-m/s-l225.jpg
Toys & Hobbies,Other Toys,Jada Toys Hollywood Rides: Teenage Mutant Ninja Turtles PARTY WAGON [83],Jada Toys Hollywood Rides: Teenage Mutant Ninja Turtles PARTY WAGON [83],1,Fixed Price,14.99,12-15 oz,New,https://i.ebayimg.com/images/g/yoAAAeSwtchpmiFd/s-l225.jpg